query_name,query_chr,query_start,query_end,query_strand,ref_chr,ref_start,ref_end,ref_species,qry_lvl
Species_1,chr1,12506305,65737419,+,chr1,73073914,150638768,Reference,chromosome
Species_1,chr1,155777819,193280465,-,chr1,159428240,203139760,Reference,chromosome
Species_1,chr9,7404003,16443492,+,chr9,17887294,32378291,Reference,chromosome
Species_1,chr9,36562619,42877164,-,chr9,37634821,45165849,Reference,chromosome
Species_1,chr9,41910172,70445951,-,chr9,50905866,79826934,Reference,chromosome
Species_1,chr9,63744322,67854520,-,chr9,98935968,103325205,Reference,chromosome
Species_1,chr9,92544506,104638463,+,chr9,120356143,130693942,Reference,chromosome
Species_1,chr8,33797855,46402143,-,chr8,21281689,35109026,Reference,chromosome
Species_1,chr8,96415947,103396380,+,chr8,36581225,47510960,Reference,chromosome
Species_1,chr8,120912701,167420590,-,chr8,72450611,128348283,Reference,chromosome
Species_1,chr22,12002109,21569898,+,chr22,7041495,24101383,Reference,chromosome
Species_1,chr22,34163773,38171159,-,chr22,26834058,31831219,Reference,chromosome
Species_1,chr5,2983509,21803050,-,chr5,25947744,56403796,Reference,chromosome
Species_1,chr5,49673237,78704030,+,chr5,78633091,106797503,Reference,chromosome
Species_1,chr5,74214389,98711680,+,chr5,106996448,134894603,Reference,chromosome
Species_1,chr5,118556893,120021434,+,chr5,141071312,144623362,Reference,chromosome
Species_1,chr5,153516645,160205563,+,chr5,158725830,162998792,Reference,chromosome
Species_1,chr4,15650271,28203791,-,chr4,13707035,37481541,Reference,chromosome
Species_1,chr4,43058334,44906222,+,chr4,67385640,68991174,Reference,chromosome
Species_1,chr4,56174259,60702987,+,chr4,71560220,79384476,Reference,chromosome
Species_1,chr4,85574185,86347140,+,chr4,126218996,127960685,Reference,chromosome
Species_1,chr4,137206901,173018523,-,chr4,140348125,172216244,Reference,chromosome
Species_1,chr18,17722573,22680246,-,chr18,7512440,13431395,Reference,chromosome
Species_1,chr18,30093907,33668861,-,chr18,23268806,27658609,Reference,chromosome
Species_1,chr18,41110400,56874706,-,chr18,31024204,49715257,Reference,chromosome
Species_1,chr18,50895282,54093467,+,chr18,74208492,77294551,Reference,chromosome
Species_1,chr3,61779108,97561562,-,chr3,2079600,9849851,Reference,chromosome
Species_1,chr3,86871668,145076635,-,chr3,44381573,160267818,Reference,chromosome
Species_1,chr3,96534048,100303766,+,chr3,161409267,167793897,Reference,chromosome
Species_1,chr14,4695961,24617513,-,chr14,4379569,43165906,Reference,chromosome
Species_1,chr14,60855504,79586211,+,chr14,45910237,71009467,Reference,chromosome
Species_2,chr1,2043233,66450265,+,chr1,21840174,136021056,Reference,chromosome
Species_2,chr1,212426941,253447392,+,chr1,173716665,208422521,Reference,chromosome
Species_2,chr3,58399769,76155008,+,chr3,16192217,34698788,Reference,chromosome
Species_2,chr3,74706383,112246016,-,chr3,62819576,138917119,Reference,chromosome
Species_2,chr3,126838555,150058532,-,chr3,145510386,183704988,Reference,chromosome
Species_2,chr3,136965742,139392859,-,chr3,187713743,192555830,Reference,chromosome
Species_2,chr7,29997889,54996302,+,chr7,28451727,35654999,Reference,chromosome
Species_2,chr7,100967871,135419787,-,chr7,75815222,145713028,Reference,chromosome
Species_2,chr8,10702701,22754748,+,chr8,5035851,18028708,Reference,chromosome
Species_2,chr8,36610155,57546203,+,chr8,35045504,48685442,Reference,chromosome
Species_2,chr8,103912284,139592039,+,chr8,83396202,102750176,Reference,chromosome
Species_2,chr8,117346891,135257335,-,chr8,114751207,131355017,Reference,chromosome
Species_2,chr17,4369720,27953175,-,chr17,11617244,35086263,Reference,chromosome
Species_2,chr17,74963364,79408695,-,chr17,51234072,71098339,Reference,chromosome
Species_2,chrY,4264908,14594441,+,chrY,4741196,17583522,Reference,chromosome
Species_2,chrY,14217648,18765206,+,chrY,19132747,20511512,Reference,chromosome
Species_2,chrY,23558781,26915510,-,chrY,24767318,31575984,Reference,chromosome
Species_2,chrY,33425301,34241948,+,chrY,34249942,35229942,Reference,chromosome
Species_2,chrY,52229968,56914377,-,chrY,39149309,55453911,Reference,chromosome
Species_2,chr18,3276360,15223783,-,chr18,1197775,11198499,Reference,chromosome
Species_2,chr18,31773482,37751100,-,chr18,18310852,24614649,Reference,chromosome
Species_2,chr18,41201137,45295768,+,chr18,36940920,38342772,Reference,chromosome
Species_2,chr18,50437769,53763481,-,chr18,45362902,55564054,Reference,chromosome
Species_2,chr18,58849484,65397021,+,chr18,63989020,70872506,Reference,chromosome
Species_2,chr22,7742471,16508542,+,chr22,1448345,8827494,Reference,chromosome
Species_2,chr22,20164528,21254678,-,chr22,10137682,11080346,Reference,chromosome
Species_2,chr22,21812709,30945518,-,chr22,16814828,36433922,Reference,chromosome
Species_2,chr22,23521804,32654613,-,chr22,39538877,49763532,Reference,chromosome
Species_3,chr8,3667867,7267135,-,chr8,11986868,19892008,Reference,chromosome
Species_3,chr8,66557447,70267861,+,chr8,36427853,40521538,Reference,chromosome
Species_3,chr8,84845477,98471306,+,chr8,41480309,56553464,Reference,chromosome
Species_3,chr8,100471732,117137495,-,chr8,74190814,94691765,Reference,chromosome
Species_3,chr8,118601287,144330937,+,chr8,100204497,126881648,Reference,chromosome
Species_3,chr15,14021573,21514641,+,chr15,21088365,28345820,Reference,chromosome
Species_3,chr15,53827729,60675299,+,chr15,36154828,91012399,Reference,chromosome
Species_3,chr19,2635156,9589897,+,chr19,7285088,22496823,Reference,chromosome
Species_3,chr19,50907857,69456114,+,chr19,37869124,47136438,Reference,chromosome
Species_3,chr9,2722320,10981864,-,chr9,39019582,59720660,Reference,chromosome
Species_3,chr9,56229238,76388554,+,chr9,101532608,134973601,Reference,chromosome
Species_3,chr1,14832640,24271678,-,chr1,7195200,18864557,Reference,chromosome
Species_3,chr1,85729603,100648266,-,chr1,57024141,72086130,Reference,chromosome
Species_3,chr1,197119899,257667963,-,chr1,76356616,107222252,Reference,chromosome
Species_3,chr1,202418785,268783455,-,chr1,188581132,231145108,Reference,chromosome
Species_3,chr6,49840101,60196685,+,chr6,8102173,23064334,Reference,chromosome
Species_3,chr6,72209537,113797408,+,chr6,39720111,118922192,Reference,chromosome
Species_3,chr6,121907878,122984886,-,chr6,123332984,124620654,Reference,chromosome
Species_3,chr14,44558992,61653924,-,chr14,11320855,19130254,Reference,chromosome
Species_3,chr14,72766557,100159187,+,chr14,20350835,58597408,Reference,chromosome
Species_3,chr14,93525563,101282017,-,chr14,61084389,70562616,Reference,chromosome
Species_3,chr11,14081782,33617517,-,chr11,16734209,37081386,Reference,chromosome
Species_3,chr11,26827438,28262818,+,chr11,70800140,74658410,Reference,chromosome
Species_3,chr11,92893487,97358514,-,chr11,93903549,103512692,Reference,chromosome
Species_3,chr21,3382357,6923138,+,chr21,2910705,6723601,Reference,chromosome
Species_3,chr21,14630084,16723605,-,chr21,17618153,19727583,Reference,chromosome
Species_3,chr21,15677069,16349098,+,chr21,21568697,22900338,Reference,chromosome
Species_3,chr21,17099248,26870522,+,chr21,23383810,36156028,Reference,chromosome
Species_3,chr21,23056764,24672923,-,chr21,40902996,42311634,Reference,chromosome
Species_3,chr3,35861938,64827082,+,chr3,11466615,43758171,Reference,chromosome
Species_3,chr3,51154221,54788183,+,chr3,94842126,98663674,Reference,chromosome
Species_3,chr3,112023110,136880597,-,chr3,108523287,135285389,Reference,chromosome
Species_3,chr3,138184150,145229801,+,chr3,142802881,150370722,Reference,chromosome
Species_3,chr3,179871077,182841303,+,chr3,158155630,161324985,Reference,chromosome
Species_3,chr4,94198563,130906130,-,chr4,103318312,169239170,Reference,chromosome
Species_3,chr4,105544289,107664264,-,chr4,181741265,183984073,Reference,chromosome
Species_3,chr13,29272916,44374998,+,chr13,36555041,54028791,Reference,chromosome
Species_3,chr13,35499221,51045338,+,chr13,60292991,77301164,Reference,chromosome
Species_3,chr13,80357216,102132761,-,chr13,77658629,110964730,Reference,chromosome
Species_3,chr22,4094235,12850164,-,chr22,12242014,15638832,Reference,chromosome
Species_3,chr22,20636869,23247831,+,chr22,18810471,21446082,Reference,chromosome
Species_3,chr22,27337283,36725173,+,chr22,26706501,32055169,Reference,chromosome
Species_3,chr22,28375197,35781774,+,chr22,39166770,41636644,Reference,chromosome
Species_3,chr2,27216317,104564960,+,chr2,85740096,129161931,Reference,chromosome
Species_3,chr2,127111882,142574378,+,chr2,207674009,225784942,Reference,chromosome
